info_code,code,broker,report_date,availability_date_proxy,target_year,metric,value,unit,period_basis,source_page
AP202308301596817366,300866,东吴证券,2023-08-30,2023-08-31,2023,broker_total_revenue_forecast,17234,million_CNY,fiscal_year,1
AP202308301596817366,300866,东吴证券,2023-08-30,2023-08-31,2024,broker_total_revenue_forecast,20504,million_CNY,fiscal_year,1
AP202308301596817366,300866,东吴证券,2023-08-30,2023-08-31,2025,broker_total_revenue_forecast,23061,million_CNY,fiscal_year,1
AP202408301639629259,300866,东吴证券,2024-08-30,2024-08-31,2024,broker_total_revenue_forecast,23266,million_CNY,fiscal_year,1
AP202408301639629259,300866,东吴证券,2024-08-30,2024-08-31,2025,broker_total_revenue_forecast,29612,million_CNY,fiscal_year,1
AP202408301639629259,300866,东吴证券,2024-08-30,2024-08-31,2026,broker_total_revenue_forecast,36193,million_CNY,fiscal_year,1
AP202508311737338558,300866,东吴证券,2025-08-31,2025-09-01,2025,broker_total_revenue_forecast,32853,million_CNY,fiscal_year,1
AP202508311737338558,300866,东吴证券,2025-08-31,2025-09-01,2026,broker_total_revenue_forecast,41968,million_CNY,fiscal_year,1
AP202508311737338558,300866,东吴证券,2025-08-31,2025-09-01,2027,broker_total_revenue_forecast,50768,million_CNY,fiscal_year,1
